{
  "toggle_mod": true,
  "animation_speed": 330,
  "curve_points": [
    [
      0.53067625,
      0.14583333
    ]
  ]
}